{"cameraMode":{"drawMode":0,"name":"Shaded","section":"Shading Mode"},"sceneLighting":true,"audioPlay":false,"sceneViewState":{"m_AlwaysRefresh":false,"showFog":true,"showSkybox":true,"showFlares":true,"showImageEffects":true,"showParticleSystems":true,"showVisualEffectGraphs":true,"m_FxEnabled":false},"in2DMode":false,"pivot":{"x":0.9899387359619141,"y":2.1510791778564455,"z":-22.59562110900879},"rotation":{"x":-0.009968269616365433,"y":0.9522991180419922,"z":-0.03145432099699974,"w":-0.303600013256073},"size":2.3726518154144289,"orthographic":false}